﻿<?xml version="1.0"?>
<doc>
<assembly>
<name>
SkylanderPortalMaster
</name>
</assembly>
<members>
<member name="T:SkylanderPortalMaster.My.Resources.Resources">
<summary>
  A strongly-typed resource class, for looking up localized strings, etc.
</summary>
</member>
<member name="P:SkylanderPortalMaster.My.Resources.Resources.ResourceManager">
<summary>
  Returns the cached ResourceManager instance used by this class.
</summary>
</member>
<member name="P:SkylanderPortalMaster.My.Resources.Resources.Culture">
<summary>
  Overrides the current thread's CurrentUICulture property for all
  resource lookups using this strongly typed resource class.
</summary>
</member>
<member name="T:SkylanderPortalMaster.DeviceManagement">
 <summary>
 For detecting devices and receiving device notifications.
 </summary>
</member>
<member name="M:SkylanderPortalMaster.DeviceManagement.DeviceNameMatch(System.Windows.Forms.Message,System.String)">
 <summary>
 Compares two device path names. Used to find out if the device name 
 of a recently attached or removed device matches the name of a 
 device the application is communicating with.
 </summary>
 
 <param name="m"> a WM_DEVICECHANGE message. A call to RegisterDeviceNotification
 causes WM_DEVICECHANGE messages to be passed to an OnDeviceChange routine.. </param>
 <param name="mydevicePathName"> a device pathname returned by 
 SetupDiGetDeviceInterfaceDetail in an SP_DEVICE_INTERFACE_DETAIL_DATA structure. </param>
 
 <returns>
 True if the names match, False if not.
 </returns>
 
</member>
<member name="M:SkylanderPortalMaster.DeviceManagement.FindDeviceFromGuid(System.Guid,System.String[]@)">
 <summary>
 Use SetupDi API functions to retrieve the device path name of an
 attached device that belongs to a device interface class.
 </summary>
 
 <param name="myGuid"> an interface class GUID. </param>
 <param name="devicePathName"> a pointer to the device path name 
 of an attached device. </param>
 
 <returns>
  True if a device is found, False if not. 
 </returns>
</member>
<member name="M:SkylanderPortalMaster.DeviceManagement.RegisterForDeviceNotifications(System.String,System.IntPtr,System.Guid,System.IntPtr@)">
 <summary>
 Requests to receive a notification when a device is attached or removed.
 </summary>
 
 <param name="devicePathName"> handle to a device. </param>
 <param name="formHandle"> handle to the window that will receive device events. </param>
 <param name="classGuid"> device interface GUID. </param>
 <param name="deviceNotificationHandle"> returned device notification handle. </param>
 
 <returns>
 True on success.
 </returns>
 
</member>
<member name="M:SkylanderPortalMaster.DeviceManagement.StopReceivingDeviceNotifications(System.IntPtr)">
 <summary>
 Requests to stop receiving notification messages when a device in an
 interface class is attached or removed.
 </summary>
 
 <param name="deviceNotificationHandle"> handle returned previously by
 RegisterDeviceNotification. </param>
</member>
<member name="F:SkylanderPortalMaster.DeviceManagement.DBT_DEVICEARRIVAL">
<remarks>
 API declarations relating to device management (SetupDixxx and 
 RegisterDeviceNotification functions).
 Constants are from dbt.h and setupapi.h.
</remarks>
</member>
<member name="T:SkylanderPortalMaster.FileIO">
 <summary>
 API declarations relating to file I/O.
 </summary>
</member>
</members>
</doc>
